,car_id,probeID,car_id.1,passenger_id,timestamp,longitude,latitude,shape,easting,northing,distance,linkPVID,projection_NE,projection_lat,projection_lon
0,0,0,000b1491b982532590f833ab4e53dded,c30f73c3d4d5c30512cfd7160a9db583,1475294972,108.97233,34.27923,POINT (108.97233 34.27923),313349.63057862263,3794977.8018580317,0.27152006277561613,263911.0,POINT ( 313349.9020869538 3794977.7993340287),34.27922999398509,108.9723319496688
1,1,1,000b1491b982532590f833ab4e53dded,c30f73c3d4d5c30512cfd7160a9db583,1475294975,108.97233,34.27911,POINT (108.97233 34.27911),313349.3651872132,3794964.492819142,0.413181511599627,263911.0,POINT ( 313349.7783508724 3794964.4889782793),34.279110007574765,108.97233348796372
2,2,2,000b1491b982532590f833ab4e53dded,c30f73c3d4d5c30512cfd7160a9db583,1475294978,108.97233,34.27903,POINT (108.97233 34.27903),313349.1882600625,3794955.6201266767,0.5076220230594988,263911.0,POINT ( 313349.69586015266 3794955.615407911),34.27903001663439,108.97233451348632
3,3,3,000b1491b982532590f833ab4e53dded,c30f73c3d4d5c30512cfd7160a9db583,1475294981,108.97233,34.27903,POINT (108.97233 34.27903),313349.1882600625,3794955.6201266767,0.5076220230594988,263911.0,POINT ( 313349.69586015266 3794955.615407911),34.27903001663439,108.97233451348632
4,4,4,000b1491b982532590f833ab4e53dded,c30f73c3d4d5c30512cfd7160a9db583,1475294984,108.97233,34.27903,POINT (108.97233 34.27903),313349.1882600625,3794955.6201266767,0.5076220230594988,263911.0,POINT ( 313349.69586015266 3794955.615407911),34.27903001663439,108.97233451348632
5,5,5,000b1491b982532590f833ab4e53dded,c30f73c3d4d5c30512cfd7160a9db583,1475294987,108.97233,34.27903,POINT (108.97233 34.27903),313349.1882600625,3794955.6201266767,0.5076220230594988,263911.0,POINT ( 313349.69586015266 3794955.615407911),34.27903001663439,108.97233451348632
6,6,6,000b1491b982532590f833ab4e53dded,c30f73c3d4d5c30512cfd7160a9db583,1475294990,108.97233,34.27895,POINT (108.97233 34.27895),313349.0113332761,3794946.7474343125,0.6020621711638914,263911.0,POINT ( 313349.6133694339 3794946.741837648),34.27895002569391,108.97233553900303
7,7,7,000b1491b982532590f833ab4e53dded,c30f73c3d4d5c30512cfd7160a9db583,1475294993,108.97233,34.27895,POINT (108.97233 34.27895),313349.0113332761,3794946.7474343125,0.6020621711638914,263911.0,POINT ( 313349.6133694339 3794946.741837648),34.27895002569391,108.97233553900303
8,8,8,000b1491b982532590f833ab4e53dded,c30f73c3d4d5c30512cfd7160a9db583,1475294996,108.97233,34.27895,POINT (108.97233 34.27895),313349.0113332761,3794946.7474343125,0.6020621711638914,263911.0,POINT ( 313349.6133694339 3794946.741837648),34.27895002569391,108.97233553900303
9,9,9,000b1491b982532590f833ab4e53dded,c30f73c3d4d5c30512cfd7160a9db583,1475294999,108.97233,34.27887,POINT (108.97233 34.27887),313348.8344068544,3794937.8747420493,0.6965019555765598,263911.0,POINT ( 313349.53087871615 3794937.868267489),34.27887003475332,108.97233656451384
10,10,10,000b1491b982532590f833ab4e53dded,c30f73c3d4d5c30512cfd7160a9db583,1475295002,108.97233,34.27887,POINT (108.97233 34.27887),313348.8344068544,3794937.8747420493,0.6965019555765598,263911.0,POINT ( 313349.53087871615 3794937.868267489),34.27887003475332,108.97233656451384
11,11,11,000b1491b982532590f833ab4e53dded,c30f73c3d4d5c30512cfd7160a9db583,1475295005,108.97233,34.27887,POINT (108.97233 34.27887),313348.8344068544,3794937.8747420493,0.6965019555765598,263911.0,POINT ( 313349.53087871615 3794937.868267489),34.27887003475332,108.97233656451384
12,12,12,000b1491b982532590f833ab4e53dded,c30f73c3d4d5c30512cfd7160a9db583,1475295008,108.97233,34.27887,POINT (108.97233 34.27887),313348.8344068544,3794937.8747420493,0.6965019555765598,263911.0,POINT ( 313349.53087871615 3794937.868267489),34.27887003475332,108.97233656451384
13,13,13,000b1491b982532590f833ab4e53dded,c30f73c3d4d5c30512cfd7160a9db583,1475295011,108.97233,34.27887,POINT (108.97233 34.27887),313348.8344068544,3794937.8747420493,0.6965019555765598,263911.0,POINT ( 313349.53087871615 3794937.868267489),34.27887003475332,108.97233656451384
14,14,14,000b1491b982532590f833ab4e53dded,c30f73c3d4d5c30512cfd7160a9db583,1475295014,108.97233,34.27879,POINT (108.97233 34.27879),313348.6574807971,3794929.0020498894,0.7909413765216675,263911.0,POINT ( 313349.4483879993 3794928.994697437),34.27879004381263,108.97233759001875
15,15,15,000b1491b982532590f833ab4e53dded,c30f73c3d4d5c30512cfd7160a9db583,1475295017,108.97233,34.27879,POINT (108.97233 34.27879),313348.6574807971,3794929.0020498894,0.7909413765216675,263911.0,POINT ( 313349.4483879993 3794928.994697437),34.27879004381263,108.97233759001875
16,16,16,000b1491b982532590f833ab4e53dded,c30f73c3d4d5c30512cfd7160a9db583,1475295020,108.97233,34.27879,POINT (108.97233 34.27879),313348.6574807971,3794929.0020498894,0.7909413765216675,263911.0,POINT ( 313349.4483879993 3794928.994697437),34.27879004381263,108.97233759001875
17,17,17,000b1491b982532590f833ab4e53dded,c30f73c3d4d5c30512cfd7160a9db583,1475295023,108.97233,34.2787,POINT (108.97233 34.2787),313348.45843941823,3794919.0202713283,0.8971852906388829,263911.0,POINT ( 313349.3555859441 3794919.011931251),34.278700054004176,108.97233874370475
18,18,18,000b1491b982532590f833ab4e53dded,c30f73c3d4d5c30512cfd7160a9db583,1475295026,108.97233,34.2787,POINT (108.97233 34.2787),313348.45843941823,3794919.0202713283,0.8971852906388829,263911.0,POINT ( 313349.3555859441 3794919.011931251),34.278700054004176,108.97233874370475
19,19,19,000b1491b982532590f833ab4e53dded,c30f73c3d4d5c30512cfd7160a9db583,1475295029,108.97233,34.2787,POINT (108.97233 34.2787),313348.45843941823,3794919.0202713283,0.8971852906388829,263911.0,POINT ( 313349.3555859441 3794919.011931251),34.278700054004176,108.97233874370475
20,20,20,000b1491b982532590f833ab4e53dded,c30f73c3d4d5c30512cfd7160a9db583,1475295032,108.97233,34.2787,POINT (108.97233 34.2787),313348.45843941823,3794919.0202713283,0.8971852906388829,263911.0,POINT ( 313349.3555859441 3794919.011931251),34.278700054004176,108.97233874370475
21,21,21,000b1491b982532590f833ab4e53dded,c30f73c3d4d5c30512cfd7160a9db583,1475295035,108.97233,34.2787,POINT (108.97233 34.2787),313348.45843941823,3794919.0202713283,0.8971852906388829,263911.0,POINT ( 313349.3555859441 3794919.011931251),34.278700054004176,108.97233874370475
22,22,22,000b1491b982532590f833ab4e53dded,c30f73c3d4d5c30512cfd7160a9db583,1475295038,108.97233,34.2787,POINT (108.97233 34.2787),313348.45843941823,3794919.0202713283,0.8971852906388829,263911.0,POINT ( 313349.3555859441 3794919.011931251),34.278700054004176,108.97233874370475
23,23,23,000b1491b982532590f833ab4e53dded,c30f73c3d4d5c30512cfd7160a9db583,1475295041,108.97233,34.2787,POINT (108.97233 34.2787),313348.45843941823,3794919.0202713283,0.8971852906388829,263911.0,POINT ( 313349.3555859441 3794919.011931251),34.278700054004176,108.97233874370475
24,24,24,000b1491b982532590f833ab4e53dded,c30f73c3d4d5c30512cfd7160a9db583,1475295044,108.97233,34.2787,POINT (108.97233 34.2787),313348.45843941823,3794919.0202713283,0.8971852906388829,263911.0,POINT ( 313349.3555859441 3794919.011931251),34.278700054004176,108.97233874370475
25,25,25,000b1491b982532590f833ab4e53dded,c30f73c3d4d5c30512cfd7160a9db583,1475295047,108.97233,34.2787,POINT (108.97233 34.2787),313348.45843941823,3794919.0202713283,0.8971852906388829,263911.0,POINT ( 313349.3555859441 3794919.011931251),34.278700054004176,108.97233874370475
26,26,26,000b1491b982532590f833ab4e53dded,c30f73c3d4d5c30512cfd7160a9db583,1475295050,108.97233,34.2787,POINT (108.97233 34.2787),313348.45843941823,3794919.0202713283,0.8971852906388829,263911.0,POINT ( 313349.3555859441 3794919.011931251),34.278700054004176,108.97233874370475
27,27,27,000b1491b982532590f833ab4e53dded,c30f73c3d4d5c30512cfd7160a9db583,1475295053,108.97233,34.2787,POINT (108.97233 34.2787),313348.45843941823,3794919.0202713283,0.8971852906388829,263911.0,POINT ( 313349.3555859441 3794919.011931251),34.278700054004176,108.97233874370475
28,28,28,000b1491b982532590f833ab4e53dded,c30f73c3d4d5c30512cfd7160a9db583,1475295056,108.97233,34.2787,POINT (108.97233 34.2787),313348.45843941823,3794919.0202713283,0.8971852906388829,263911.0,POINT ( 313349.3555859441 3794919.011931251),34.278700054004176,108.97233874370475
29,29,29,000b1491b982532590f833ab4e53dded,c30f73c3d4d5c30512cfd7160a9db583,1475295059,108.97233,34.2787,POINT (108.97233 34.2787),313348.45843941823,3794919.0202713283,0.8971852906388829,263911.0,POINT ( 313349.3555859441 3794919.011931251),34.278700054004176,108.97233874370475
30,30,30,000b1491b982532590f833ab4e53dded,c30f73c3d4d5c30512cfd7160a9db583,1475295062,108.97233,34.2787,POINT (108.97233 34.2787),313348.45843941823,3794919.0202713283,0.8971852906388829,263911.0,POINT ( 313349.3555859441 3794919.011931251),34.278700054004176,108.97233874370475
31,31,31,000b1491b982532590f833ab4e53dded,c30f73c3d4d5c30512cfd7160a9db583,1475295068,108.97234,34.2786,POINT (108.97234 34.2786),313349.15794785373,3794907.9110480314,6.12638860870479e-07,263911.0,POINT ( 313349.15794846625 3794907.9110480193),34.27859996793694,108.97233900121367
32,32,32,000b1491b982532590f833ab4e53dded,c30f73c3d4d5c30512cfd7160a9db583,1475295071,108.97234,34.27847,POINT (108.97234 34.27847),313348.8704466141,3794893.4929239107,8.334694782699772e-07,263911.0,POINT ( 313348.8704474474 3794893.492923894),34.278469967936765,108.97233900120989
33,33,33,000b1491b982532590f833ab4e53dded,c30f73c3d4d5c30512cfd7160a9db583,1475295077,108.97234,34.27813,POINT (108.97234 34.27813),313348.1185248451,3794855.783985168,9.635841565021822e-07,263911.0,POINT ( 313348.1185258085 3794855.783985149),34.27812996793632,108.97233900119514
34,34,34,000b1491b982532590f833ab4e53dded,c30f73c3d4d5c30512cfd7160a9db583,1475295080,108.97234,34.27799,POINT (108.97234 34.27799),313347.8089119124,3794840.2567756325,2.8986980911854717e-07,263911.0,POINT ( 313347.8089122022 3794840.256775627),34.277989967936136,108.97233900118115
35,35,35,000b1491b982532590f833ab4e53dded,c30f73c3d4d5c30512cfd7160a9db583,1475295083,108.97234,34.277809999999995,POINT (108.97234 34.27781),313347.41083978175,3794820.293220969,1.2223608791828156e-09,263911.0,POINT ( 313347.41083978297 3794820.293220969),34.27780996793588,108.97233900116947
36,36,36,000b1491b982532590f833ab4e53dded,c30f73c3d4d5c30512cfd7160a9db583,1475295089,108.97234,34.27752,POINT (108.97234 34.27752),313346.7695052301,3794788.129717317,12.314305919362026,263906.0,POINT ( 313358.99883661035 3794789.573872526),34.277535181603255,108.97247146574367
37,37,37,000b1491b982532590f833ab4e53dded,c30f73c3d4d5c30512cfd7160a9db583,1475295092,108.97234,34.277359999999994,POINT (108.97234 34.27735999999999),313346.41566752736,3794770.384336562,7.8078539651804135,263828.0,POINT ( 313346.7542619635 3794762.583827774),34.277289723987664,108.97234436607683
38,38,38,000b1491b982532590f833ab4e53dded,c30f73c3d4d5c30512cfd7160a9db583,1475295095,108.97234,34.277359999999994,POINT (108.97234 34.27735999999999),313346.41566752736,3794770.384336562,7.8078539651804135,263828.0,POINT ( 313346.7542619635 3794762.583827774),34.277289723987664,108.97234436607683
39,39,39,000b1491b982532590f833ab4e53dded,c30f73c3d4d5c30512cfd7160a9db583,1475295098,108.97235,34.27721,POINT (108.97235 34.27721),313347.0046261677,3794753.7296845336,8.856671038186045,263828.0,POINT ( 313346.6205488592 3794762.578023728),34.27728964764669,108.97234291557741
40,40,40,000b1491b982532590f833ab4e53dded,c30f73c3d4d5c30512cfd7160a9db583,1475295101,108.97235,34.27721,POINT (108.97235 34.27721),313347.0046261677,3794753.7296845336,8.856671038186045,263828.0,POINT ( 313346.6205488592 3794762.578023728),34.27728964764669,108.97234291557741
41,41,41,000b1491b982532590f833ab4e53dded,c30f73c3d4d5c30512cfd7160a9db583,1475295104,108.97235,34.27721,POINT (108.97235 34.27721),313347.0046261677,3794753.7296845336,8.856671038186045,263828.0,POINT ( 313346.6205488592 3794762.578023728),34.27728964764669,108.97234291557741
42,42,42,000b1491b982532590f833ab4e53dded,c30f73c3d4d5c30512cfd7160a9db583,1475295107,108.97235,34.27721,POINT (108.97235 34.27721),313347.0046261677,3794753.7296845336,8.856671038186045,263828.0,POINT ( 313346.6205488592 3794762.578023728),34.27728964764669,108.97234291557741
43,43,43,000b1491b982532590f833ab4e53dded,c30f73c3d4d5c30512cfd7160a9db583,1475295113,108.97236,34.27708,POINT (108.97236 34.27708),313347.6378182168,3794739.2932054964,23.29544083777174,263828.0,POINT ( 313348.10222381796 3794762.584016802),34.27728996793669,108.97235900118791
44,44,44,000b1491b982532590f833ab4e53dded,c30f73c3d4d5c30512cfd7160a9db583,1475295116,108.97236,34.27708,POINT (108.97236 34.27708),313347.6378182168,3794739.2932054964,23.29544083777174,263828.0,POINT ( 313348.10222381796 3794762.584016802),34.27728996793669,108.97235900118791
45,45,45,000b1491b982532590f833ab4e53dded,c30f73c3d4d5c30512cfd7160a9db583,1475295119,108.97236,34.27708,POINT (108.97236 34.27708),313347.6378182168,3794739.2932054964,23.29544083777174,263828.0,POINT ( 313348.10222381796 3794762.584016802),34.27728996793669,108.97235900118791
46,46,46,000b1491b982532590f833ab4e53dded,c30f73c3d4d5c30512cfd7160a9db583,1475295122,108.97236,34.27708,POINT (108.97236 34.27708),313347.6378182168,3794739.2932054964,23.29544083777174,263828.0,POINT ( 313348.10222381796 3794762.584016802),34.27728996793669,108.97235900118791
47,47,47,000b1491b982532590f833ab4e53dded,c30f73c3d4d5c30512cfd7160a9db583,1475295125,108.97236,34.27708,POINT (108.97236 34.27708),313347.6378182168,3794739.2932054964,23.29544083777174,263828.0,POINT ( 313348.10222381796 3794762.584016802),34.27728996793669,108.97235900118791
48,48,48,000b1491b982532590f833ab4e53dded,c30f73c3d4d5c30512cfd7160a9db583,1475295131,108.97236,34.27708,POINT (108.97236 34.27708),313347.6378182168,3794739.2932054964,23.29544083777174,263828.0,POINT ( 313348.10222381796 3794762.584016802),34.27728996793669,108.97235900118791
49,49,49,000b1491b982532590f833ab4e53dded,c30f73c3d4d5c30512cfd7160a9db583,1475295134,108.97236,34.27708,POINT (108.97236 34.27708),313347.6378182168,3794739.2932054964,23.29544083777174,263828.0,POINT ( 313348.10222381796 3794762.584016802),34.27728996793669,108.97235900118791
50,50,50,000b1491b982532590f833ab4e53dded,c30f73c3d4d5c30512cfd7160a9db583,1475295137,108.97236,34.27708,POINT (108.97236 34.27708),313347.6378182168,3794739.2932054964,23.29544083777174,263828.0,POINT ( 313348.10222381796 3794762.584016802),34.27728996793669,108.97235900118791
51,51,51,000b1491b982532590f833ab4e53dded,c30f73c3d4d5c30512cfd7160a9db583,1475295140,108.97236,34.27708,POINT (108.97236 34.27708),313347.6378182168,3794739.2932054964,23.29544083777174,263828.0,POINT ( 313348.10222381796 3794762.584016802),34.27728996793669,108.97235900118791
52,52,52,000b1491b982532590f833ab4e53dded,c30f73c3d4d5c30512cfd7160a9db583,1475295143,108.97236,34.277,POINT (108.97236 34.277),313347.4609029351,3794730.4205156663,32.1636988298565,263828.0,POINT ( 313346.0660959218 3794762.553956749),34.277289331092085,108.97233690095638
53,53,53,000b1491b982532590f833ab4e53dded,c30f73c3d4d5c30512cfd7160a9db583,1475295146,108.97236,34.277,POINT (108.97236 34.277),313347.4609029351,3794730.4205156663,32.1636988298565,263828.0,POINT ( 313346.0660959218 3794762.553956749),34.277289331092085,108.97233690095638
54,54,54,000b1491b982532590f833ab4e53dded,c30f73c3d4d5c30512cfd7160a9db583,1475295149,108.97236,34.277,POINT (108.97236 34.277),313347.4609029351,3794730.4205156663,32.1636988298565,263828.0,POINT ( 313346.0660959218 3794762.553956749),34.277289331092085,108.97233690095638
55,55,55,000b1491b982532590f833ab4e53dded,c30f73c3d4d5c30512cfd7160a9db583,1475295152,108.97237,34.27688,POINT (108.97237 34.27688),313348.1162144557,3794717.093123437,45.481573992381605,263828.0,POINT ( 313349.0229018477 3794762.565659003),34.27728996793682,108.9723690011891
56,56,56,000b1491b982532590f833ab4e53dded,c30f73c3d4d5c30512cfd7160a9db583,1475295155,108.97237,34.27688,POINT (108.97237 34.27688),313348.1162144557,3794717.093123437,45.481573992381605,263828.0,POINT ( 313349.0229018477 3794762.565659003),34.27728996793682,108.9723690011891
57,57,57,000b1491b982532590f833ab4e53dded,c30f73c3d4d5c30512cfd7160a9db583,1475295158,108.97237,34.27688,POINT (108.97237 34.27688),313348.1162144557,3794717.093123437,45.481573992381605,263828.0,POINT ( 313349.0229018477 3794762.565659003),34.27728996793682,108.9723690011891
58,58,58,000b1491b982532590f833ab4e53dded,c30f73c3d4d5c30512cfd7160a9db583,1475295161,108.97238,34.27678,POINT (108.97238 34.27678),313348.81575749244,3794705.9839039515,56.58213422520707,263828.0,POINT ( 313349.0229018477 3794762.565659003),34.27728996793682,108.9723690011891
59,59,59,000b1491b982532590f833ab4e53dded,c30f73c3d4d5c30512cfd7160a9db583,1475295164,108.97238,34.27678,POINT (108.97238 34.27678),313348.81575749244,3794705.9839039515,56.58213422520707,263828.0,POINT ( 313349.0229018477 3794762.565659003),34.27728996793682,108.9723690011891
60,60,60,000b1491b982532590f833ab4e53dded,c30f73c3d4d5c30512cfd7160a9db583,1475295167,108.97238,34.27678,POINT (108.97238 34.27678),313348.81575749244,3794705.9839039515,56.58213422520707,263828.0,POINT ( 313349.0229018477 3794762.565659003),34.27728996793682,108.9723690011891
61,61,61,000b1491b982532590f833ab4e53dded,c30f73c3d4d5c30512cfd7160a9db583,1475295170,108.97238,34.27665,POINT (108.97238 34.27665),313348.5282754049,3794691.565783714,71.0015981958187,263828.0,POINT ( 313349.0229018477 3794762.565659003),34.27728996793682,108.9723690011891
62,62,62,000b1491b982532590f833ab4e53dded,c30f73c3d4d5c30512cfd7160a9db583,1475295173,108.97238,34.27665,POINT (108.97238 34.27665),313348.5282754049,3794691.565783714,71.0015981958187,263828.0,POINT ( 313349.0229018477 3794762.565659003),34.27728996793682,108.9723690011891
63,63,63,000b1491b982532590f833ab4e53dded,c30f73c3d4d5c30512cfd7160a9db583,1475295176,108.97238,34.27656,POINT (108.97238 34.27656),313348.3292499081,3794681.584008322,9.387702367227483,263906.0,POINT ( 313357.7037064712 3794681.085490637),34.27655715948057,108.9724808889796
64,64,64,000b1491b982532590f833ab4e53dded,c30f73c3d4d5c30512cfd7160a9db583,1475295179,108.97238,34.27656,POINT (108.97238 34.27656),313348.3292499081,3794681.584008322,9.387702367227483,263906.0,POINT ( 313357.7037064712 3794681.085490637),34.27655715948057,108.9724808889796
65,65,65,000b1491b982532590f833ab4e53dded,c30f73c3d4d5c30512cfd7160a9db583,1475295182,108.97238,34.27656,POINT (108.97238 34.27656),313348.3292499081,3794681.584008322,9.387702367227483,263906.0,POINT ( 313357.7037064712 3794681.085490637),34.27655715948057,108.9724808889796
66,66,66,000b1491b982532590f833ab4e53dded,c30f73c3d4d5c30512cfd7160a9db583,1475295185,108.97238,34.27656,POINT (108.97238 34.27656),313348.3292499081,3794681.584008322,9.387702367227483,263906.0,POINT ( 313357.7037064712 3794681.085490637),34.27655715948057,108.9724808889796
67,67,67,000b1491b982532590f833ab4e53dded,c30f73c3d4d5c30512cfd7160a9db583,1475295188,108.97238,34.27656,POINT (108.97238 34.27656),313348.3292499081,3794681.584008322,9.387702367227483,263906.0,POINT ( 313357.7037064712 3794681.085490637),34.27655715948057,108.9724808889796
68,68,68,000b1491b982532590f833ab4e53dded,c30f73c3d4d5c30512cfd7160a9db583,1475295194,108.97238,34.27656,POINT (108.97238 34.27656),313348.3292499081,3794681.584008322,9.387702367227483,263906.0,POINT ( 313357.7037064712 3794681.085490637),34.27655715948057,108.9724808889796
69,69,69,000b1491b982532590f833ab4e53dded,c30f73c3d4d5c30512cfd7160a9db583,1475295197,108.97238,34.27647,POINT (108.97238 34.27647),313348.1302248725,3794671.602233059,9.09766310997819,263906.0,POINT ( 313357.21894385485 3794671.198920125),34.27646796619637,108.97247776596483
70,70,70,000b1491b982532590f833ab4e53dded,c30f73c3d4d5c30512cfd7160a9db583,1475295200,108.97238,34.27647,POINT (108.97238 34.27647),313348.1302248725,3794671.602233059,9.09766310997819,263906.0,POINT ( 313357.21894385485 3794671.198920125),34.27646796619637,108.97247776596483
71,71,71,000b1491b982532590f833ab4e53dded,c30f73c3d4d5c30512cfd7160a9db583,1475295203,108.97238,34.27647,POINT (108.97238 34.27647),313348.1302248725,3794671.602233059,9.09766310997819,263906.0,POINT ( 313357.21894385485 3794671.198920125),34.27646796619637,108.97247776596483
72,72,72,000b1491b982532590f833ab4e53dded,c30f73c3d4d5c30512cfd7160a9db583,1475295206,108.97238,34.27647,POINT (108.97238 34.27647),313348.1302248725,3794671.602233059,9.09766310997819,263906.0,POINT ( 313357.21894385485 3794671.198920125),34.27646796619637,108.97247776596483
73,73,73,000b1491b982532590f833ab4e53dded,c30f73c3d4d5c30512cfd7160a9db583,1475295209,108.97238,34.27647,POINT (108.97238 34.27647),313348.1302248725,3794671.602233059,9.09766310997819,263906.0,POINT ( 313357.21894385485 3794671.198920125),34.27646796619637,108.97247776596483
74,74,74,000b1491b982532590f833ab4e53dded,c30f73c3d4d5c30512cfd7160a9db583,1475295212,108.97238,34.27647,POINT (108.97238 34.27647),313348.1302248725,3794671.602233059,9.09766310997819,263906.0,POINT ( 313357.21894385485 3794671.198920125),34.27646796619637,108.97247776596483
75,75,75,000b1491b982532590f833ab4e53dded,c30f73c3d4d5c30512cfd7160a9db583,1475295215,108.97238,34.27647,POINT (108.97238 34.27647),313348.1302248725,3794671.602233059,9.09766310997819,263906.0,POINT ( 313357.21894385485 3794671.198920125),34.27646796619637,108.97247776596483
76,76,76,000b1491b982532590f833ab4e53dded,c30f73c3d4d5c30512cfd7160a9db583,1475295218,108.97238,34.27647,POINT (108.97238 34.27647),313348.1302248725,3794671.602233059,9.09766310997819,263906.0,POINT ( 313357.21894385485 3794671.198920125),34.27646796619637,108.97247776596483
77,77,77,000b1491b982532590f833ab4e53dded,c30f73c3d4d5c30512cfd7160a9db583,1475295221,108.97238,34.27647,POINT (108.97238 34.27647),313348.1302248725,3794671.602233059,9.09766310997819,263906.0,POINT ( 313357.21894385485 3794671.198920125),34.27646796619637,108.97247776596483
78,78,78,000b1491b982532590f833ab4e53dded,c30f73c3d4d5c30512cfd7160a9db583,1475295224,108.97238,34.27638,POINT (108.97238 34.27638),313347.9312002982,3794661.620457925,8.853985084141804,263906.0,POINT ( 313356.7764808203 3794661.2279476),34.276378019809556,108.97247512047403
79,79,79,000b1491b982532590f833ab4e53dded,c30f73c3d4d5c30512cfd7160a9db583,1475295227,108.97238,34.27638,POINT (108.97238 34.27638),313347.9312002982,3794661.620457925,8.853985084141804,263906.0,POINT ( 313356.7764808203 3794661.2279476),34.276378019809556,108.97247512047403
80,80,80,000b1491b982532590f833ab4e53dded,c30f73c3d4d5c30512cfd7160a9db583,1475295233,108.97238,34.27638,POINT (108.97238 34.27638),313347.9312002982,3794661.620457925,8.853985084141804,263906.0,POINT ( 313356.7764808203 3794661.2279476),34.276378019809556,108.97247512047403
81,81,81,000b1491b982532590f833ab4e53dded,c30f73c3d4d5c30512cfd7160a9db583,1475295236,108.97238,34.27624,POINT (108.97238 34.27624),313347.62160743284,3794646.0932524162,8.474929472588862,263906.0,POINT ( 313356.08820500196 3794645.7175461906),34.27623810320838,108.97247100526754
82,82,82,000b1491b982532590f833ab4e53dded,c30f73c3d4d5c30512cfd7160a9db583,1475295239,108.97238,34.276140000000005,POINT (108.97238 34.27614000000001),313347.40047035506,3794635.0023915283,8.287873407583227,263906.0,POINT ( 313355.68669698184 3794634.8371828427),34.27613996797507,108.97246900128317
83,83,83,000b1491b982532590f833ab4e53dded,c30f73c3d4d5c30512cfd7160a9db583,1475295242,108.97238,34.27604,POINT (108.97238 34.27604),313347.1793338469,3794623.911530799,8.287883144459924,263906.0,POINT ( 313355.4655702086 3794623.7463219194),34.276039967971116,108.9724690012775
84,84,84,000b1491b982532590f833ab4e53dded,c30f73c3d4d5c30512cfd7160a9db583,1475295245,108.97238,34.27604,POINT (108.97238 34.27604),313347.1793338469,3794623.911530799,8.287883144459924,263906.0,POINT ( 313355.4655702086 3794623.7463219194),34.276039967971116,108.9724690012775
85,85,85,000b1491b982532590f833ab4e53dded,c30f73c3d4d5c30512cfd7160a9db583,1475295248,108.97238,34.27604,POINT (108.97238 34.27604),313347.1793338469,3794623.911530799,8.287883144459924,263906.0,POINT ( 313355.4655702086 3794623.7463219194),34.276039967971116,108.9724690012775
86,86,86,000b1491b982532590f833ab4e53dded,c30f73c3d4d5c30512cfd7160a9db583,1475295251,108.97238,34.27604,POINT (108.97238 34.27604),313347.1793338469,3794623.911530799,8.287883144459924,263906.0,POINT ( 313355.4655702086 3794623.7463219194),34.276039967971116,108.9724690012775
87,87,87,000b1491b982532590f833ab4e53dded,c30f73c3d4d5c30512cfd7160a9db583,1475295254,108.97238,34.27604,POINT (108.97238 34.27604),313347.1793338469,3794623.911530799,8.287883144459924,263906.0,POINT ( 313355.4655702086 3794623.7463219194),34.276039967971116,108.9724690012775
88,88,88,000b1491b982532590f833ab4e53dded,c30f73c3d4d5c30512cfd7160a9db583,1475295257,108.97238,34.27597,POINT (108.97238 34.27597),313347.02453863,3794616.147928382,8.28789154557949,263906.0,POINT ( 313355.31078343204 3794615.9827213855),34.27596996798684,108.97246900129075
89,89,89,000b1491b982532590f833ab4e53dded,c30f73c3d4d5c30512cfd7160a9db583,1475295260,108.97238,34.27597,POINT (108.97238 34.27597),313347.02453863,3794616.147928382,8.28789154557949,263906.0,POINT ( 313355.31078343204 3794615.9827213855),34.27596996798684,108.97246900129075
90,90,90,000b1491b982532590f833ab4e53dded,c30f73c3d4d5c30512cfd7160a9db583,1475295266,108.97238,34.27597,POINT (108.97238 34.27597),313347.02453863,3794616.147928382,8.28789154557949,263906.0,POINT ( 313355.31078343204 3794615.9827213855),34.27596996798684,108.97246900129075
91,91,91,000b1491b982532590f833ab4e53dded,c30f73c3d4d5c30512cfd7160a9db583,1475295269,108.97238,34.27597,POINT (108.97238 34.27597),313347.02453863,3794616.147928382,8.28789154557949,263906.0,POINT ( 313355.31078343204 3794615.9827213855),34.27596996798684,108.97246900129075
92,92,92,000b1491b982532590f833ab4e53dded,c30f73c3d4d5c30512cfd7160a9db583,1475295272,108.97237,34.27584,POINT (108.97237 34.27584),313345.81636742264,3794601.7481671376,9.20878451880468,263906.0,POINT ( 313355.0233222232 3794601.564603487),34.2758399679904,108.97246900130735
93,93,93,000b1491b982532590f833ab4e53dded,c30f73c3d4d5c30512cfd7160a9db583,1475295275,108.97237,34.27584,POINT (108.97237 34.27584),313345.81636742264,3794601.7481671376,9.20878451880468,263906.0,POINT ( 313355.0233222232 3794601.564603487),34.2758399679904,108.97246900130735
94,94,94,000b1491b982532590f833ab4e53dded,c30f73c3d4d5c30512cfd7160a9db583,1475295278,108.97237,34.27567,POINT (108.97237 34.27567),313345.4404367452,3794582.893704759,9.208804370573839,263906.0,POINT ( 313354.6474113936 3794582.7101407126),34.27566996798298,108.97246900131337
95,95,95,000b1491b982532590f833ab4e53dded,c30f73c3d4d5c30512cfd7160a9db583,1475295281,108.97237,34.27541,POINT (108.97237 34.27541),313344.8654871278,3794554.0574690658,9.208831566986058,263906.0,POINT ( 313354.0724889672 3794553.8739044773),34.27540996797161,108.97246900128823
96,96,96,000b1491b982532590f833ab4e53dded,c30f73c3d4d5c30512cfd7160a9db583,1475295284,108.97237,34.2753,POINT (108.97237 34.2753),313344.62224037165,3794541.8575235186,9.208841920924511,263906.0,POINT ( 313353.82925256295 3794541.673958724),34.27529996796681,108.97246900126508
97,97,97,000b1491b982532590f833ab4e53dded,c30f73c3d4d5c30512cfd7160a9db583,1475295290,108.97237,34.27516,POINT (108.97237 34.27516),313344.3126545875,3794526.330320372,9.20885528561961,263906.0,POINT ( 313353.51968018955 3794526.146757754),34.27515996798272,108.97246900123764
98,98,98,000b1491b982532590f833ab4e53dded,c30f73c3d4d5c30512cfd7160a9db583,1475295293,108.97237,34.27516,POINT (108.97237 34.27516),313344.3126545875,3794526.330320372,9.20885528561961,263906.0,POINT ( 313353.51968018955 3794526.146757754),34.27515996798272,108.97246900123764
99,99,99,000b1491b982532590f833ab4e53dded,c30f73c3d4d5c30512cfd7160a9db583,1475295296,108.97237,34.27509000000001,POINT (108.97237 34.27509000000001),313344.1578621141,3794518.5667189164,9.20886302370968,263906.0,POINT ( 313353.3648954527 3794518.3831561445),34.27508996797967,108.9724690012354
100,100,100,000b1491b982532590f833ab4e53dded,c30f73c3d4d5c30512cfd7160a9db583,1475295299,108.97237,34.27509000000001,POINT (108.97237 34.27509000000001),313344.1578621141,3794518.5667189164,9.20886302370968,263906.0,POINT ( 313353.3648954527 3794518.3831561445),34.27508996797967,108.9724690012354
101,101,101,000b1491b982532590f833ab4e53dded,c30f73c3d4d5c30512cfd7160a9db583,1475295302,108.97237,34.27509000000001,POINT (108.97237 34.27509000000001),313344.1578621141,3794518.5667189164,9.20886302370968,263906.0,POINT ( 313353.3648954527 3794518.3831561445),34.27508996797967,108.9724690012354
102,102,102,000b1491b982532590f833ab4e53dded,c30f73c3d4d5c30512cfd7160a9db583,1475295305,108.97237,34.27498,POINT (108.97237 34.27498),313343.9146173624,3794506.3667739267,7.085249668977214e-08,263907.0,POINT ( 313343.9146174332 3794506.3667739253),34.274979967933746,108.97236900108004
103,103,103,000b1491b982532590f833ab4e53dded,c30f73c3d4d5c30512cfd7160a9db583,1475295308,108.97237,34.27498,POINT (108.97237 34.27498),313343.9146173624,3794506.3667739267,7.085249668977214e-08,263907.0,POINT ( 313343.9146174332 3794506.3667739253),34.274979967933746,108.97236900108004
104,104,104,000b1491b982532590f833ab4e53dded,c30f73c3d4d5c30512cfd7160a9db583,1475295311,108.97237,34.2749,POINT (108.97237 34.2749),313343.7377125212,3794497.4940867824,4.3321356163276834e-07,263907.0,POINT ( 313343.73771295435 3794497.4940867736),34.27489996793364,108.97236900108018
105,105,105,000b1491b982532590f833ab4e53dded,c30f73c3d4d5c30512cfd7160a9db583,1475295314,108.97237,34.274809999999995,POINT (108.97237 34.27481),313343.5386950106,3794487.512313866,4.0764691313688635e-07,263907.0,POINT ( 313343.53869541816 3794487.512313858),34.27480996793352,108.97236900107562
106,106,106,000b1491b982532590f833ab4e53dded,c30f73c3d4d5c30512cfd7160a9db583,1475295317,108.97236,34.27466,POINT (108.97236 34.27466),313342.28629218147,3794470.8943830724,0.7057459653484244,263907.0,POINT ( 313342.99123877136 3794470.8608022295),34.27465979195202,108.97236666185788
107,107,107,000b1491b982532590f833ab4e53dded,c30f73c3d4d5c30512cfd7160a9db583,1475295320,108.97236,34.27454,POINT (108.97236 34.27454),313342.0209359328,3794457.585352975,0.33753066000087106,263907.0,POINT ( 313342.35808428284 3794457.569292573),34.274539883767794,108.97236266490313
108,108,108,000b1491b982532590f833ab4e53dded,c30f73c3d4d5c30512cfd7160a9db583,1475295323,108.97235,34.27438,POINT (108.97235 34.27438),313340.7464178129,3794439.8583369986,0.7671173368640288,263907.0,POINT ( 313341.51266626094 3794439.82183598),34.27437977664757,108.97235732798279
109,109,109,000b1491b982532590f833ab4e53dded,c30f73c3d4d5c30512cfd7160a9db583,1475295326,108.97235,34.2742,POINT (108.97235 34.2742),313340.34838465194,3794419.8947926895,0.21479320799327153,263907.0,POINT ( 313340.56293457065 3794419.884572387),34.27419991437182,108.97235133256073
110,110,110,000b1491b982532590f833ab4e53dded,c30f73c3d4d5c30512cfd7160a9db583,1475295329,108.97235,34.273990000000005,POINT (108.97235 34.27399),313339.8840149628,3794396.603991645,5.9453062087149e-07,263907.0,POINT ( 313339.88401555724 3794396.6039916333),34.273989967931364,108.9723490010091
111,111,111,000b1491b982532590f833ab4e53dded,c30f73c3d4d5c30512cfd7160a9db583,1475295332,108.97235,34.273990000000005,POINT (108.97235 34.27399),313339.8840149628,3794396.603991645,5.9453062087149e-07,263907.0,POINT ( 313339.88401555724 3794396.6039916333),34.273989967931364,108.9723490010091
112,112,112,000b1491b982532590f833ab4e53dded,c30f73c3d4d5c30512cfd7160a9db583,1475295335,108.97235,34.273990000000005,POINT (108.97235 34.27399),313339.8840149628,3794396.603991645,5.9453062087149e-07,263907.0,POINT ( 313339.88401555724 3794396.6039916333),34.273989967931364,108.9723490010091
113,113,113,000b1491b982532590f833ab4e53dded,c30f73c3d4d5c30512cfd7160a9db583,1475295338,108.97235,34.2739,POINT (108.97235 34.2739),313339.6850001506,3794386.622219983,3.906536207018425e-07,263907.0,POINT ( 313339.68500054115 3794386.622219975),34.27389996793123,108.97234900100261
114,114,114,000b1491b982532590f833ab4e53dded,c30f73c3d4d5c30512cfd7160a9db583,1475295341,108.97234,34.2738,POINT (108.97234 34.2738),313338.54315572174,3794375.5497198096,0.8154252475633909,263907.0,POINT ( 313339.3578042861 3794375.5141382003),34.27379979362873,108.97234785315429
115,115,115,000b1491b982532590f833ab4e53dded,c30f73c3d4d5c30512cfd7160a9db583,1475295344,108.97234,34.2738,POINT (108.97234 34.2738),313338.54315572174,3794375.5497198096,0.8154252475633909,263907.0,POINT ( 313339.3578042861 3794375.5141382003),34.27379979362873,108.97234785315429
116,116,116,000b1491b982532590f833ab4e53dded,c30f73c3d4d5c30512cfd7160a9db583,1475295347,108.97234,34.273579999999995,POINT (108.97234 34.27358),313338.05667586194,3794351.149834358,0.23673691937869135,263907.0,POINT ( 313338.2931872921 3794351.139504189),34.273579917326224,108.97234157095413
117,117,117,000b1491b982532590f833ab4e53dded,c30f73c3d4d5c30512cfd7160a9db583,1475295350,108.97234,34.273309999999995,POINT (108.97234 34.27331),313337.45963616483,3794321.2045214437,2.7018993436984157e-06,263907.0,POINT ( 313337.4596388662 3794321.2045213897),34.273309967929904,108.97233900098486
118,118,118,000b1491b982532590f833ab4e53dded,c30f73c3d4d5c30512cfd7160a9db583,1475295353,108.97234,34.27313,POINT (108.97234 34.27313),313337.06161200645,3794301.240980145,3.568258882037994e-06,263907.0,POINT ( 313337.061615574 3794301.240980074),34.27312996792967,108.97233900098571
119,119,119,000b1491b982532590f833ab4e53dded,c30f73c3d4d5c30512cfd7160a9db583,1475295356,108.97234,34.27292,POINT (108.97234 34.27292),313336.5972528205,3794277.9501826107,2.2602473984157117e-06,263907.0,POINT ( 313336.5972550803 3794277.9501825655),34.27291996792939,108.97233900096153
120,120,120,000b1491b982532590f833ab4e53dded,c30f73c3d4d5c30512cfd7160a9db583,1475295359,108.97233,34.27275,POINT (108.97233 34.27275),313335.30061597656,3794259.1140848827,0.7947671885391097,263907.0,POINT ( 313336.09406273544 3794259.0682905074),34.27274969776759,108.97233762500908
121,121,121,000b1491b982532590f833ab4e53dded,c30f73c3d4d5c30512cfd7160a9db583,1475295362,108.97233,34.27264,POINT (108.97233 34.27264),313335.0573810786,3794246.9141438664,0.33463906242649705,263907.0,POINT ( 313335.39146417024 3794246.89486201),34.272639854176305,108.9723326321047
122,122,122,000b1491b982532590f833ab4e53dded,c30f73c3d4d5c30512cfd7160a9db583,1475295365,108.97233,34.27264,POINT (108.97233 34.27264),313335.0573810786,3794246.9141438664,0.33463906242649705,263907.0,POINT ( 313335.39146417024 3794246.89486201),34.272639854176305,108.9723326321047
123,123,123,000b1491b982532590f833ab4e53dded,c30f73c3d4d5c30512cfd7160a9db583,1475295368,108.97233,34.27257,POINT (108.97233 34.27257),313334.90259559324,3794239.150545135,0.041829902247595904,263907.0,POINT ( 313334.9443559991 3794239.148134902),34.27256995370936,108.97232945480488
124,124,124,000b1491b982532590f833ab4e53dded,c30f73c3d4d5c30512cfd7160a9db583,1475295371,108.97233,34.27257,POINT (108.97233 34.27257),313334.90259559324,3794239.150545135,0.041829902247595904,263907.0,POINT ( 313334.9443559991 3794239.148134902),34.27256995370936,108.97232945480488
125,125,125,000b1491b982532590f833ab4e53dded,c30f73c3d4d5c30512cfd7160a9db583,1475295374,108.97233,34.27257,POINT (108.97233 34.27257),313334.90259559324,3794239.150545135,0.041829902247595904,263907.0,POINT ( 313334.9443559991 3794239.148134902),34.27256995370936,108.97232945480488
126,126,126,000b1491b982532590f833ab4e53dded,c30f73c3d4d5c30512cfd7160a9db583,1475295377,108.97233,34.27257,POINT (108.97233 34.27257),313334.90259559324,3794239.150545135,0.041829902247595904,263907.0,POINT ( 313334.9443559991 3794239.148134902),34.27256995370936,108.97232945480488
127,127,127,000b1491b982532590f833ab4e53dded,c30f73c3d4d5c30512cfd7160a9db583,1475295380,108.97233,34.27257,POINT (108.97233 34.27257),313334.90259559324,3794239.150545135,0.041829902247595904,263907.0,POINT ( 313334.9443559991 3794239.148134902),34.27256995370936,108.97232945480488
128,128,128,000b1491b982532590f833ab4e53dded,c30f73c3d4d5c30512cfd7160a9db583,1475295383,108.97233,34.27257,POINT (108.97233 34.27257),313334.90259559324,3794239.150545135,0.041829902247595904,263907.0,POINT ( 313334.9443559991 3794239.148134902),34.27256995370936,108.97232945480488
129,129,129,000b1491b982532590f833ab4e53dded,c30f73c3d4d5c30512cfd7160a9db583,1475295386,108.97233,34.27257,POINT (108.97233 34.27257),313334.90259559324,3794239.150545135,0.041829902247595904,263907.0,POINT ( 313334.9443559991 3794239.148134902),34.27256995370936,108.97232945480488
130,130,130,000b1491b982532590f833ab4e53dded,c30f73c3d4d5c30512cfd7160a9db583,1475295390,108.97233,34.27257,POINT (108.97233 34.27257),313334.90259559324,3794239.150545135,0.041829902247595904,263907.0,POINT ( 313334.9443559991 3794239.148134902),34.27256995370936,108.97232945480488
131,131,131,000b1491b982532590f833ab4e53dded,c30f73c3d4d5c30512cfd7160a9db583,1475295392,108.97233,34.27257,POINT (108.97233 34.27257),313334.90259559324,3794239.150545135,0.041829902247595904,263907.0,POINT ( 313334.9443559991 3794239.148134902),34.27256995370936,108.97232945480488
132,132,132,000b1491b982532590f833ab4e53dded,c30f73c3d4d5c30512cfd7160a9db583,1475295395,108.97233,34.27257,POINT (108.97233 34.27257),313334.90259559324,3794239.150545135,0.041829902247595904,263907.0,POINT ( 313334.9443559991 3794239.148134902),34.27256995370936,108.97232945480488
133,133,133,000b1491b982532590f833ab4e53dded,c30f73c3d4d5c30512cfd7160a9db583,1475295398,108.97233,34.27257,POINT (108.97233 34.27257),313334.90259559324,3794239.150545135,0.041829902247595904,263907.0,POINT ( 313334.9443559991 3794239.148134902),34.27256995370936,108.97232945480488
134,134,134,000b1491b982532590f833ab4e53dded,c30f73c3d4d5c30512cfd7160a9db583,1475295401,108.97233,34.27257,POINT (108.97233 34.27257),313334.90259559324,3794239.150545135,0.041829902247595904,263907.0,POINT ( 313334.9443559991 3794239.148134902),34.27256995370936,108.97232945480488
135,135,135,000b1491b982532590f833ab4e53dded,c30f73c3d4d5c30512cfd7160a9db583,1475295404,108.97233,34.27257,POINT (108.97233 34.27257),313334.90259559324,3794239.150545135,0.041829902247595904,263907.0,POINT ( 313334.9443559991 3794239.148134902),34.27256995370936,108.97232945480488
136,136,136,000b1491b982532590f833ab4e53dded,c30f73c3d4d5c30512cfd7160a9db583,1475295407,108.97233,34.27257,POINT (108.97233 34.27257),313334.90259559324,3794239.150545135,0.041829902247595904,263907.0,POINT ( 313334.9443559991 3794239.148134902),34.27256995370936,108.97232945480488
137,137,137,000b1491b982532590f833ab4e53dded,c30f73c3d4d5c30512cfd7160a9db583,1475295411,108.97227,34.272459999999995,POINT (108.97227 34.27246),313329.1349695755,3794227.0607473236,5.43502596417915,263907.0,POINT ( 313334.5678539859 3794226.908188434),34.27245956919577,108.97232801661515
138,138,138,000b1491b982532590f833ab4e53dded,c30f73c3d4d5c30512cfd7160a9db583,1475295414,108.97223,34.27228,POINT (108.97223 34.27228),313325.0540043055,3794207.1706383615,8.95607623677212,263907.0,POINT ( 313334.0065515952 3794206.9192450736),34.272279310888095,108.9723262493876
139,139,139,000b1491b982532590f833ab4e53dded,c30f73c3d4d5c30512cfd7160a9db583,1475295420,108.97223,34.272079999999995,POINT (108.97223 34.27208),313324.61174306355,3794184.9889285485,8.775531962727413,263907.0,POINT ( 313333.3838172187 3794184.742603062),34.272079324125556,108.97232428873052
140,140,140,000b1491b982532590f833ab4e53dded,c30f73c3d4d5c30512cfd7160a9db583,1475295423,108.97223,34.272,POINT (108.97223 34.272),313324.4348392046,3794176.116244801,8.703313620532684,263907.0,POINT ( 313333.13472347363 3794175.871946453),34.271999329420666,108.97232350446342
141,141,141,000b1491b982532590f833ab4e53dded,c30f73c3d4d5c30512cfd7160a9db583,1475295426,108.97223,34.27183,POINT (108.97223 34.27183),313324.05891971465,3794157.261792177,8.54984844307747,263907.0,POINT ( 313332.60539927584 3794157.021801532),34.27182934067305,108.97232183788775
142,142,142,000b1491b982532590f833ab4e53dded,c30f73c3d4d5c30512cfd7160a9db583,1475295429,108.97223,34.27173,POINT (108.97223 34.27173),313323.83779137174,3794146.170937905,8.45957404670359,263907.0,POINT ( 313332.2940321072 3794145.9334812243),34.27172934729225,108.97232085754396
143,143,143,000b1491b982532590f833ab4e53dded,c30f73c3d4d5c30512cfd7160a9db583,1475295432,108.97223,34.27173,POINT (108.97223 34.27173),313323.83779137174,3794146.170937905,8.45957404670359,263907.0,POINT ( 313332.2940321072 3794145.9334812243),34.27172934729225,108.97232085754396
144,144,144,000b1491b982532590f833ab4e53dded,c30f73c3d4d5c30512cfd7160a9db583,1475295435,108.97223,34.27173,POINT (108.97223 34.27173),313323.83779137174,3794146.170937905,8.45957404670359,263907.0,POINT ( 313332.2940321072 3794145.9334812243),34.27172934729225,108.97232085754396
145,145,145,000b1491b982532590f833ab4e53dded,c30f73c3d4d5c30512cfd7160a9db583,1475295438,108.97223,34.27173,POINT (108.97223 34.27173),313323.83779137174,3794146.170937905,8.45957404670359,263907.0,POINT ( 313332.2940321072 3794145.9334812243),34.27172934729225,108.97232085754396
146,146,146,000b1491b982532590f833ab4e53dded,c30f73c3d4d5c30512cfd7160a9db583,1475295441,108.97223,34.27173,POINT (108.97223 34.27173),313323.83779137174,3794146.170937905,8.45957404670359,263907.0,POINT ( 313332.2940321072 3794145.9334812243),34.27172934729225,108.97232085754396
147,147,147,000b1491b982532590f833ab4e53dded,c30f73c3d4d5c30512cfd7160a9db583,1475295444,108.97223,34.27173,POINT (108.97223 34.27173),313323.83779137174,3794146.170937905,8.45957404670359,263907.0,POINT ( 313332.2940321072 3794145.9334812243),34.27172934729225,108.97232085754396
148,148,148,000b1491b982532590f833ab4e53dded,c30f73c3d4d5c30512cfd7160a9db583,1475295447,108.97223,34.27173,POINT (108.97223 34.27173),313323.83779137174,3794146.170937905,8.45957404670359,263907.0,POINT ( 313332.2940321072 3794145.9334812243),34.27172934729225,108.97232085754396
149,149,149,000b1491b982532590f833ab4e53dded,c30f73c3d4d5c30512cfd7160a9db583,1475295450,108.97223,34.27173,POINT (108.97223 34.27173),313323.83779137174,3794146.170937905,8.45957404670359,263907.0,POINT ( 313332.2940321072 3794145.9334812243),34.27172934729225,108.97232085754396
150,150,150,000b1491b982532590f833ab4e53dded,c30f73c3d4d5c30512cfd7160a9db583,1475295453,108.97223,34.27173,POINT (108.97223 34.27173),313323.83779137174,3794146.170937905,8.45957404670359,263907.0,POINT ( 313332.2940321072 3794145.9334812243),34.27172934729225,108.97232085754396
151,151,151,000b1491b982532590f833ab4e53dded,c30f73c3d4d5c30512cfd7160a9db583,1475295456,108.97223,34.27173,POINT (108.97223 34.27173),313323.83779137174,3794146.170937905,8.45957404670359,263907.0,POINT ( 313332.2940321072 3794145.9334812243),34.27172934729225,108.97232085754396
152,152,152,000b1491b982532590f833ab4e53dded,c30f73c3d4d5c30512cfd7160a9db583,1475295459,108.97223,34.27173,POINT (108.97223 34.27173),313323.83779137174,3794146.170937905,8.45957404670359,263907.0,POINT ( 313332.2940321072 3794145.9334812243),34.27172934729225,108.97232085754396
153,153,153,000b1491b982532590f833ab4e53dded,c30f73c3d4d5c30512cfd7160a9db583,1475295462,108.97223,34.27173,POINT (108.97223 34.27173),313323.83779137174,3794146.170937905,8.45957404670359,263907.0,POINT ( 313332.2940321072 3794145.9334812243),34.27172934729225,108.97232085754396
154,154,154,000b1491b982532590f833ab4e53dded,c30f73c3d4d5c30512cfd7160a9db583,1475295465,108.97223,34.27173,POINT (108.97223 34.27173),313323.83779137174,3794146.170937905,8.45957404670359,263907.0,POINT ( 313332.2940321072 3794145.9334812243),34.27172934729225,108.97232085754396
155,155,155,000b1491b982532590f833ab4e53dded,c30f73c3d4d5c30512cfd7160a9db583,1475295468,108.97223,34.27173,POINT (108.97223 34.27173),313323.83779137174,3794146.170937905,8.45957404670359,263907.0,POINT ( 313332.2940321072 3794145.9334812243),34.27172934729225,108.97232085754396
156,156,156,000b1491b982532590f833ab4e53dded,c30f73c3d4d5c30512cfd7160a9db583,1475295471,108.97223,34.27173,POINT (108.97223 34.27173),313323.83779137174,3794146.170937905,8.45957404670359,263907.0,POINT ( 313332.2940321072 3794145.9334812243),34.27172934729225,108.97232085754396
157,157,157,000b1491b982532590f833ab4e53dded,c30f73c3d4d5c30512cfd7160a9db583,1475295474,108.97223,34.27173,POINT (108.97223 34.27173),313323.83779137174,3794146.170937905,8.45957404670359,263907.0,POINT ( 313332.2940321072 3794145.9334812243),34.27172934729225,108.97232085754396
158,158,158,000b1491b982532590f833ab4e53dded,c30f73c3d4d5c30512cfd7160a9db583,1475295477,108.97223,34.27173,POINT (108.97223 34.27173),313323.83779137174,3794146.170937905,8.45957404670359,263907.0,POINT ( 313332.2940321072 3794145.9334812243),34.27172934729225,108.97232085754396
159,159,159,000b1491b982532590f833ab4e53dded,c30f73c3d4d5c30512cfd7160a9db583,1475295480,108.97223,34.27173,POINT (108.97223 34.27173),313323.83779137174,3794146.170937905,8.45957404670359,263907.0,POINT ( 313332.2940321072 3794145.9334812243),34.27172934729225,108.97232085754396
160,160,160,000b1491b982532590f833ab4e53dded,c30f73c3d4d5c30512cfd7160a9db583,1475295483,108.97223,34.27173,POINT (108.97223 34.27173),313323.83779137174,3794146.170937905,8.45957404670359,263907.0,POINT ( 313332.2940321072 3794145.9334812243),34.27172934729225,108.97232085754396
161,161,161,000b1491b982532590f833ab4e53dded,c30f73c3d4d5c30512cfd7160a9db583,1475295486,108.97223,34.27173,POINT (108.97223 34.27173),313323.83779137174,3794146.170937905,8.45957404670359,263907.0,POINT ( 313332.2940321072 3794145.9334812243),34.27172934729225,108.97232085754396
162,162,162,000b1491b982532590f833ab4e53dded,c30f73c3d4d5c30512cfd7160a9db583,1475295489,108.97223,34.27173,POINT (108.97223 34.27173),313323.83779137174,3794146.170937905,8.45957404670359,263907.0,POINT ( 313332.2940321072 3794145.9334812243),34.27172934729225,108.97232085754396
163,163,163,000b1491b982532590f833ab4e53dded,c30f73c3d4d5c30512cfd7160a9db583,1475295492,108.97223,34.27173,POINT (108.97223 34.27173),313323.83779137174,3794146.170937905,8.45957404670359,263907.0,POINT ( 313332.2940321072 3794145.9334812243),34.27172934729225,108.97232085754396
164,164,164,000b1491b982532590f833ab4e53dded,c30f73c3d4d5c30512cfd7160a9db583,1475295495,108.97223,34.27173,POINT (108.97223 34.27173),313323.83779137174,3794146.170937905,8.45957404670359,263907.0,POINT ( 313332.2940321072 3794145.9334812243),34.27172934729225,108.97232085754396
165,165,165,000b1491b982532590f833ab4e53dded,c30f73c3d4d5c30512cfd7160a9db583,1475295498,108.97223,34.27173,POINT (108.97223 34.27173),313323.83779137174,3794146.170937905,8.45957404670359,263907.0,POINT ( 313332.2940321072 3794145.9334812243),34.27172934729225,108.97232085754396
166,166,166,000b1491b982532590f833ab4e53dded,c30f73c3d4d5c30512cfd7160a9db583,1475295501,108.97223,34.27173,POINT (108.97223 34.27173),313323.83779137174,3794146.170937905,8.45957404670359,263907.0,POINT ( 313332.2940321072 3794145.9334812243),34.27172934729225,108.97232085754396
167,167,167,000b1491b982532590f833ab4e53dded,c30f73c3d4d5c30512cfd7160a9db583,1475295504,108.97223,34.27173,POINT (108.97223 34.27173),313323.83779137174,3794146.170937905,8.45957404670359,263907.0,POINT ( 313332.2940321072 3794145.9334812243),34.27172934729225,108.97232085754396
168,168,168,000b1491b982532590f833ab4e53dded,c30f73c3d4d5c30512cfd7160a9db583,1475295507,108.97223,34.27173,POINT (108.97223 34.27173),313323.83779137174,3794146.170937905,8.45957404670359,263907.0,POINT ( 313332.2940321072 3794145.9334812243),34.27172934729225,108.97232085754396
169,169,169,000b1491b982532590f833ab4e53dded,c30f73c3d4d5c30512cfd7160a9db583,1475295510,108.97223,34.27173,POINT (108.97223 34.27173),313323.83779137174,3794146.170937905,8.45957404670359,263907.0,POINT ( 313332.2940321072 3794145.9334812243),34.27172934729225,108.97232085754396
170,170,170,000b1491b982532590f833ab4e53dded,c30f73c3d4d5c30512cfd7160a9db583,1475295513,108.97223,34.27173,POINT (108.97223 34.27173),313323.83779137174,3794146.170937905,8.45957404670359,263907.0,POINT ( 313332.2940321072 3794145.9334812243),34.27172934729225,108.97232085754396
171,171,171,000b1491b982532590f833ab4e53dded,c30f73c3d4d5c30512cfd7160a9db583,1475295516,108.97223,34.271570000000004,POINT (108.97223 34.27157),313323.48398720776,3794128.425571401,8.315133837621666,263907.0,POINT ( 313331.7958446477 3794128.1921690963),34.27156935788324,108.972319288986
172,172,172,000b1491b982532590f833ab4e53dded,c30f73c3d4d5c30512cfd7160a9db583,1475295519,108.97223,34.271440000000005,POINT (108.97223 34.27144000000001),313323.19652239804,3794114.007461415,8.35492264924325,263907.0,POINT ( 313331.55063583376 3794113.891180815),34.27144042107206,108.97231972224236
173,173,173,000b1491b982532590f833ab4e53dded,c30f73c3d4d5c30512cfd7160a9db583,1475295522,108.97223,34.27134,POINT (108.97223 34.27134),313322.9753962764,3794102.9166077636,8.421669118469248,263907.0,POINT ( 313331.39624971664 3794102.799398212),34.27134042468796,108.97232044689272
174,174,174,000b1491b982532590f833ab4e53dded,c30f73c3d4d5c30512cfd7160a9db583,1475295525,108.97223,34.27124,POINT (108.97223 34.27124),313322.7542707241,3794091.8257542667,8.488415020587441,263907.0,POINT ( 313331.2418636018 3794091.7076157713),34.27124042830374,108.97232117153521
175,175,175,000b1491b982532590f833ab4e53dded,c30f73c3d4d5c30512cfd7160a9db583,1475295528,108.97224,34.2711,POINT (108.97224 34.2711),313323.3654428105,3794076.280202248,7.660945115245372,263907.0,POINT ( 313331.02564592724 3794076.173580161),34.27110038341632,108.97232218638342
176,176,176,000b1491b982532590f833ab4e53dded,c30f73c3d4d5c30512cfd7160a9db583,1475295531,108.97224,34.27094,POINT (108.97224 34.27094),313323.0116461343,3794058.5348373824,7.767734361690007,263907.0,POINT ( 313330.7786281544 3794058.426729043),34.27094038920175,108.97232334577737
177,177,177,000b1491b982532590f833ab4e53dded,c30f73c3d4d5c30512cfd7160a9db583,1475295534,108.97224,34.270790000000005,POINT (108.97224 34.27079000000001),313322.6799630747,3794041.898558192,7.867847961198022,263907.0,POINT ( 313330.54704899783 3794041.78905651),34.270790394625394,108.9723244326909
178,178,178,000b1491b982532590f833ab4e53dded,c30f73c3d4d5c30512cfd7160a9db583,1475295537,108.97224,34.270790000000005,POINT (108.97224 34.27079000000001),313322.6799630747,3794041.898558192,7.867847961198022,263907.0,POINT ( 313330.54704899783 3794041.78905651),34.270790394625394,108.9723244326909
179,179,179,000b1491b982532590f833ab4e53dded,c30f73c3d4d5c30512cfd7160a9db583,1475295540,108.97224,34.270790000000005,POINT (108.97224 34.27079000000001),313322.6799630747,3794041.898558192,7.867847961198022,263907.0,POINT ( 313330.54704899783 3794041.78905651),34.270790394625394,108.9723244326909
180,180,180,000b1491b982532590f833ab4e53dded,c30f73c3d4d5c30512cfd7160a9db583,1475295543,108.97224,34.270790000000005,POINT (108.97224 34.27079000000001),313322.6799630747,3794041.898558192,7.867847961198022,263907.0,POINT ( 313330.54704899783 3794041.78905651),34.270790394625394,108.9723244326909
181,181,181,000b1491b982532590f833ab4e53dded,c30f73c3d4d5c30512cfd7160a9db583,1475295546,108.97224,34.27071,POINT (108.97224 34.27071),313322.50306596677,3794033.0258761,7.921241359144361,263907.0,POINT ( 313330.42354011646 3794032.9156313096),34.27071039751789,108.97232501237086
182,182,182,000b1491b982532590f833ab4e53dded,c30f73c3d4d5c30512cfd7160a9db583,1475295549,108.97224,34.27071,POINT (108.97224 34.27071),313322.50306596677,3794033.0258761,7.921241359144361,263907.0,POINT ( 313330.42354011646 3794032.9156313096),34.27071039751789,108.97232501237086
183,183,183,000b1491b982532590f833ab4e53dded,c30f73c3d4d5c30512cfd7160a9db583,1475295552,108.97224,34.27071,POINT (108.97224 34.27071),313322.50306596677,3794033.0258761,7.921241359144361,263907.0,POINT ( 313330.42354011646 3794032.9156313096),34.27071039751789,108.97232501237086
184,184,184,000b1491b982532590f833ab4e53dded,c30f73c3d4d5c30512cfd7160a9db583,1475295555,108.97224,34.27071,POINT (108.97224 34.27071),313322.50306596677,3794033.0258761,7.921241359144361,263907.0,POINT ( 313330.42354011646 3794032.9156313096),34.27071039751789,108.97232501237086
185,185,185,000b1491b982532590f833ab4e53dded,c30f73c3d4d5c30512cfd7160a9db583,1475295558,108.97224,34.27071,POINT (108.97224 34.27071),313322.50306596677,3794033.0258761,7.921241359144361,263907.0,POINT ( 313330.42354011646 3794032.9156313096),34.27071039751789,108.97232501237086
186,186,186,000b1491b982532590f833ab4e53dded,c30f73c3d4d5c30512cfd7160a9db583,1475295561,108.97224,34.27071,POINT (108.97224 34.27071),313322.50306596677,3794033.0258761,7.921241359144361,263907.0,POINT ( 313330.42354011646 3794032.9156313096),34.27071039751789,108.97232501237086
187,187,187,000b1491b982532590f833ab4e53dded,c30f73c3d4d5c30512cfd7160a9db583,1475295564,108.97224,34.27071,POINT (108.97224 34.27071),313322.50306596677,3794033.0258761,7.921241359144361,263907.0,POINT ( 313330.42354011646 3794032.9156313096),34.27071039751789,108.97232501237086
188,188,188,000b1491b982532590f833ab4e53dded,c30f73c3d4d5c30512cfd7160a9db583,1475295567,108.97224,34.27071,POINT (108.97224 34.27071),313322.50306596677,3794033.0258761,7.921241359144361,263907.0,POINT ( 313330.42354011646 3794032.9156313096),34.27071039751789,108.97232501237086
189,189,189,000b1491b982532590f833ab4e53dded,c30f73c3d4d5c30512cfd7160a9db583,1475295570,108.97224,34.27071,POINT (108.97224 34.27071),313322.50306596677,3794033.0258761,7.921241359144361,263907.0,POINT ( 313330.42354011646 3794032.9156313096),34.27071039751789,108.97232501237086
190,190,190,000b1491b982532590f833ab4e53dded,c30f73c3d4d5c30512cfd7160a9db583,1475295573,108.97224,34.27071,POINT (108.97224 34.27071),313322.50306596677,3794033.0258761,7.921241359144361,263907.0,POINT ( 313330.42354011646 3794032.9156313096),34.27071039751789,108.97232501237086
191,191,191,000b1491b982532590f833ab4e53dded,c30f73c3d4d5c30512cfd7160a9db583,1475295576,108.97224,34.27071,POINT (108.97224 34.27071),313322.50306596677,3794033.0258761,7.921241359144361,263907.0,POINT ( 313330.42354011646 3794032.9156313096),34.27071039751789,108.97232501237086
192,192,192,000b1491b982532590f833ab4e53dded,c30f73c3d4d5c30512cfd7160a9db583,1475295579,108.97224,34.27071,POINT (108.97224 34.27071),313322.50306596677,3794033.0258761,7.921241359144361,263907.0,POINT ( 313330.42354011646 3794032.9156313096),34.27071039751789,108.97232501237086
193,193,193,000b1491b982532590f833ab4e53dded,c30f73c3d4d5c30512cfd7160a9db583,1475295582,108.97224,34.27071,POINT (108.97224 34.27071),313322.50306596677,3794033.0258761,7.921241359144361,263907.0,POINT ( 313330.42354011646 3794032.9156313096),34.27071039751789,108.97232501237086
194,194,194,000b1491b982532590f833ab4e53dded,c30f73c3d4d5c30512cfd7160a9db583,1475295585,108.97224,34.27071,POINT (108.97224 34.27071),313322.50306596677,3794033.0258761,7.921241359144361,263907.0,POINT ( 313330.42354011646 3794032.9156313096),34.27071039751789,108.97232501237086
195,195,195,000b1491b982532590f833ab4e53dded,c30f73c3d4d5c30512cfd7160a9db583,1475295588,108.97224,34.27071,POINT (108.97224 34.27071),313322.50306596677,3794033.0258761,7.921241359144361,263907.0,POINT ( 313330.42354011646 3794032.9156313096),34.27071039751789,108.97232501237086
196,196,196,000b1491b982532590f833ab4e53dded,c30f73c3d4d5c30512cfd7160a9db583,1475295591,108.97224,34.27071,POINT (108.97224 34.27071),313322.50306596677,3794033.0258761,7.921241359144361,263907.0,POINT ( 313330.42354011646 3794032.9156313096),34.27071039751789,108.97232501237086
197,197,197,000b1491b982532590f833ab4e53dded,c30f73c3d4d5c30512cfd7160a9db583,1475295594,108.97224,34.27071,POINT (108.97224 34.27071),313322.50306596677,3794033.0258761,7.921241359144361,263907.0,POINT ( 313330.42354011646 3794032.9156313096),34.27071039751789,108.97232501237086
198,198,198,000b1491b982532590f833ab4e53dded,c30f73c3d4d5c30512cfd7160a9db583,1475295597,108.97224,34.27071,POINT (108.97224 34.27071),313322.50306596677,3794033.0258761,7.921241359144361,263907.0,POINT ( 313330.42354011646 3794032.9156313096),34.27071039751789,108.97232501237086
199,199,199,000b1491b982532590f833ab4e53dded,c30f73c3d4d5c30512cfd7160a9db583,1475295600,108.97224,34.27071,POINT (108.97224 34.27071),313322.50306596677,3794033.0258761,7.921241359144361,263907.0,POINT ( 313330.42354011646 3794032.9156313096),34.27071039751789,108.97232501237086
200,200,200,000b1491b982532590f833ab4e53dded,c30f73c3d4d5c30512cfd7160a9db583,1475295603,108.97224,34.27071,POINT (108.97224 34.27071),313322.50306596677,3794033.0258761,7.921241359144361,263907.0,POINT ( 313330.42354011646 3794032.9156313096),34.27071039751789,108.97232501237086
201,201,201,000b1491b982532590f833ab4e53dded,c30f73c3d4d5c30512cfd7160a9db583,1475295606,108.97224,34.27071,POINT (108.97224 34.27071),313322.50306596677,3794033.0258761,7.921241359144361,263907.0,POINT ( 313330.42354011646 3794032.9156313096),34.27071039751789,108.97232501237086
202,202,202,000b1491b982532590f833ab4e53dded,c30f73c3d4d5c30512cfd7160a9db583,1475295609,108.97224,34.27071,POINT (108.97224 34.27071),313322.50306596677,3794033.0258761,7.921241359144361,263907.0,POINT ( 313330.42354011646 3794032.9156313096),34.27071039751789,108.97232501237086
203,203,203,000b1491b982532590f833ab4e53dded,c30f73c3d4d5c30512cfd7160a9db583,1475295615,108.97224,34.27071,POINT (108.97224 34.27071),313322.50306596677,3794033.0258761,7.921241359144361,263907.0,POINT ( 313330.42354011646 3794032.9156313096),34.27071039751789,108.97232501237086
204,204,204,000b1491b982532590f833ab4e53dded,c30f73c3d4d5c30512cfd7160a9db583,1475295618,108.97224,34.27063,POINT (108.97224 34.27063),313322.3261692234,3794024.153194112,7.974634393955189,263907.0,POINT ( 313330.30003123655 3794024.0422062175),34.27063040041034,108.97232559204578
205,205,205,000b1491b982532590f833ab4e53dded,c30f73c3d4d5c30512cfd7160a9db583,1475295621,108.97224,34.27063,POINT (108.97224 34.27063),313322.3261692234,3794024.153194112,7.974634393955189,263907.0,POINT ( 313330.30003123655 3794024.0422062175),34.27063040041034,108.97232559204578
206,206,206,000b1491b982532590f833ab4e53dded,c30f73c3d4d5c30512cfd7160a9db583,1475295624,108.97224,34.27044,POINT (108.97224 34.27044),313321.9060409188,3794003.080574797,8.101441396577297,263907.0,POINT ( 313330.0066976527 3794002.9678220516),34.27044040727966,108.97232696875352
207,207,207,000b1491b982532590f833ab4e53dded,c30f73c3d4d5c30512cfd7160a9db583,1475295627,108.97224,34.270309999999995,POINT (108.97224 34.27030999999999),313321.6185858949,3793988.6624671738,8.188202902787589,263907.0,POINT ( 313329.80599573173 3793988.548506915),34.27031041197953,108.97232791069507
208,208,208,000b1491b982532590f833ab4e53dded,c30f73c3d4d5c30512cfd7160a9db583,1475295630,108.97224,34.27024,POINT (108.97224 34.27024),313321.4638028193,3793980.898870872,8.234920239618624,263907.0,POINT ( 313329.6979254682 3793980.784260419),34.270240414510155,108.97232841788885
209,209,209,000b1491b982532590f833ab4e53dded,c30f73c3d4d5c30512cfd7160a9db583,1475295636,108.97255,34.27003,POINT (108.97255 34.27003),313349.5429704578,3793957.0390565367,20.259648675948924,263907.0,POINT ( 313329.28427176666 3793957.235249845),34.270028096291114,108.97232902389202
210,210,210,000b1491b982532590f833ab4e53dded,c30f73c3d4d5c30512cfd7160a9db583,1475295639,108.97269,34.27003,POINT (108.97269 34.27003),313362.43358956056,3793956.782105653,1.086603551857338e-06,263754.0,POINT ( 313362.4335895822 3793956.7821067395),34.27002996795414,108.9726890013171
211,211,211,000b1491b982532590f833ab4e53dded,c30f73c3d4d5c30512cfd7160a9db583,1475295642,108.97286,34.27003,POINT (108.97286 34.27003),313378.0864836359,3793956.470117751,5.706881259095409e-06,263754.0,POINT ( 313378.0864837496 3793956.470123457),34.2700299680049,108.97285900156842
212,212,212,000b1491b982532590f833ab4e53dded,c30f73c3d4d5c30512cfd7160a9db583,1475295645,108.97308,34.27001,POINT (108.97308 34.27001),313398.29896408174,3793953.8482377226,0.9290990460304644,263754.0,POINT ( 313398.37725252466 3793954.774032493),34.27001832608801,108.97307965151991
213,213,213,000b1491b982532590f833ab4e53dded,c30f73c3d4d5c30512cfd7160a9db583,1475295648,108.97331,34.27,POINT (108.97331 34.27),313419.4543119719,3793952.317139252,0.6721444306859442,263754.0,POINT ( 313419.51094871166 3793952.9868932483),34.270006014550766,108.97330947221279
214,214,214,000b1491b982532590f833ab4e53dded,c30f73c3d4d5c30512cfd7160a9db583,1475295651,108.97358,34.26999,POINT (108.97358 34.26999),313444.2926987688,3793950.7127084364,0.17791836300839178,263754.0,POINT ( 313444.30769065977 3793950.8899940453),34.26999156853544,108.97357912704064
215,215,215,000b1491b982532590f833ab4e53dded,c30f73c3d4d5c30512cfd7160a9db583,1475295654,108.97387,34.26996,POINT (108.97387 34.26996),313470.9284197339,3793946.853489624,0.6957114388583354,263754.0,POINT ( 313471.0040346806 3793947.5450796657),34.26996621479286,108.97386967438915
216,216,216,000b1491b982532590f833ab4e53dded,c30f73c3d4d5c30512cfd7160a9db583,1475295657,108.97428,34.26993,POINT (108.97428 34.26993),313508.61326915806,3793942.7742782286,0.6548958064107205,263754.0,POINT ( 313508.68444796687 3793943.42529443),34.26993584833059,108.97427963563628
217,217,217,000b1491b982532590f833ab4e53dded,c30f73c3d4d5c30512cfd7160a9db583,1475295660,108.97453,34.26991,POINT (108.97453 34.26991),313531.5880764657,3793940.097673403,0.8185763298718053,263754.0,POINT ( 313531.67704525666 3793940.911400484),34.269917318028476,108.97452979397794
218,218,218,000b1491b982532590f833ab4e53dded,c30f73c3d4d5c30512cfd7160a9db583,1475295663,108.97485,34.26988,POINT (108.97485 34.26988),313560.986127292,3793936.183705109,1.5141656530092045,263754.0,POINT ( 313561.15069775726 3793937.6889008395),34.26989356373066,108.97485046576311
219,219,219,000b1491b982532590f833ab4e53dded,c30f73c3d4d5c30512cfd7160a9db583,1475295666,108.97514,34.269859999999994,POINT (108.97514 34.26985999999999),313587.6439971272,3793933.4339063526,1.605447405158588,263754.0,POINT ( 313587.80022023455 3793935.031734789),34.26987439713354,108.97514035559442
220,220,220,000b1491b982532590f833ab4e53dded,c30f73c3d4d5c30512cfd7160a9db583,1475295669,108.97544,34.26984,POINT (108.97544 34.26984),313615.22263788374,3793930.665856061,1.1957765649886527,263754.0,POINT ( 313615.3657210818 3793931.8530413),34.26985069371455,108.97544030217536
221,221,221,000b1491b982532590f833ab4e53dded,c30f73c3d4d5c30512cfd7160a9db583,1475295675,108.97598,34.2698,POINT (108.97598 34.2698),313664.85539126914,3793925.239938231,1.0370493604242017,263754.0,POINT ( 313664.95380300237 3793926.2723075966),34.26980929039129,108.97597985151724
222,222,222,000b1491b982532590f833ab4e53dded,c30f73c3d4d5c30512cfd7160a9db583,1475295678,108.97622,34.26978,POINT (108.97622 34.26978),313686.9095019548,3793922.582041263,1.59666798901857,263754.0,POINT ( 313687.0597822579 3793924.1716212383),34.26979432177786,108.97622029463216
223,223,223,000b1491b982532590f833ab4e53dded,c30f73c3d4d5c30512cfd7160a9db583,1475295681,108.97644,34.26977,POINT (108.97644 34.26977),313707.1441663521,3793921.0699185,1.1975672126659669,263754.0,POINT ( 313707.25688281225 3793922.262169408),34.269780733973,108.97643997300794
224,224,224,000b1491b982532590f833ab4e53dded,c30f73c3d4d5c30512cfd7160a9db583,1475295684,108.97655,34.26976,POINT (108.97655 34.26976),313717.25046771683,3793919.7593316035,1.5511188949390735,263754.0,POINT ( 313717.39646088466 3793921.3035646887),34.26977391231914,108.97655025842498
225,225,225,000b1491b982532590f833ab4e53dded,c30f73c3d4d5c30512cfd7160a9db583,1475295687,108.97666,34.26976,POINT (108.97666 34.26976),313727.37883454893,3793919.557839722,0.7984222884217335,263754.0,POINT ( 313727.45398301084 3793920.3527176115),34.26976714577172,108.97665965132936
226,226,226,000b1491b982532590f833ab4e53dded,c30f73c3d4d5c30512cfd7160a9db583,1475295690,108.97684,34.26975,POINT (108.97684 34.26975),313743.9304638331,3793918.119065448,0.6729503102114595,263754.0,POINT ( 313743.99380272214 3793918.7890283614),34.26975601781953,108.97683955037601
227,227,227,000b1491b982532590f833ab4e53dded,c30f73c3d4d5c30512cfd7160a9db583,1475295693,108.97701,34.26974000000001,POINT (108.97701 34.26974000000001),313759.5613356246,3793916.6986343595,0.615879374593904,263754.0,POINT ( 313759.61930292886 3793917.3117796895),34.269745504775024,108.97700950459105
228,228,228,000b1491b982532590f833ab4e53dded,c30f73c3d4d5c30512cfd7160a9db583,1475295696,108.97714,34.26973,POINT (108.97714 34.26973),313771.5091671969,3793915.3514791727,0.7459861075987216,263754.0,POINT ( 313771.5964266133 3793916.092344253),34.26973666115593,108.9771397952179
229,229,229,000b1491b982532590f833ab4e53dded,c30f73c3d4d5c30512cfd7160a9db583,1475295699,108.9773,34.26972,POINT (108.9773 34.26972),313786.21928400954,3793913.949405565,0.4177644026050985,263754.0,POINT ( 313786.2681507077 3793914.3643021085),34.26972371636497,108.97729944903863
230,230,230,000b1491b982532590f833ab4e53dded,c30f73c3d4d5c30512cfd7160a9db583,1475295702,108.97742,34.26971,POINT (108.97742 34.26971),313797.2463598157,3793912.620594694,0.44759521726210383,263754.0,POINT ( 313797.2987158811 3793913.06511727),34.26971398401262,108.97741948070586
231,231,231,000b1491b982532590f833ab4e53dded,c30f73c3d4d5c30512cfd7160a9db583,1475295705,108.97759,34.269690000000004,POINT (108.97759 34.26969),313812.85519020085,3793910.0911695613,1.2631172125698351,263754.0,POINT ( 313812.9884629279 3793911.3472362286),34.26970131287886,108.97759018423321
232,232,232,000b1491b982532590f833ab4e53dded,c30f73c3d4d5c30512cfd7160a9db583,1475295708,108.97777,34.26967,POINT (108.97777 34.26967),313829.38478879025,3793907.5434638932,2.014664576941773,263754.0,POINT ( 313829.6344470603 3793909.542599733),34.26968803094371,108.97777128764814
233,233,233,000b1491b982532590f833ab4e53dded,c30f73c3d4d5c30512cfd7160a9db583,1475295711,108.97801,34.269659999999995,POINT (108.97801 34.26965999999999),313851.46101230977,3793905.9950417024,0.9112751817834899,263754.0,POINT ( 313851.5434683345 3793906.9025787325),34.2696681625346,108.97800970844497
234,234,234,000b1491b982532590f833ab4e53dded,c30f73c3d4d5c30512cfd7160a9db583,1475295714,108.97826,34.26964,POINT (108.97826 34.26964),313874.4359555671,3793903.319285818,1.4971849818543934,263754.0,POINT ( 313874.5714271835 3793904.810329181),34.269653431124894,108.97826015847126
235,235,235,000b1491b982532590f833ab4e53dded,c30f73c3d4d5c30512cfd7160a9db583,1475295717,108.9785,34.26963,POINT (108.9785 34.26963),313896.51218985434,3793901.7709705364,1.0415980461721153,263754.0,POINT ( 313896.6064380419 3793902.808295832),34.2696393344398,108.97849980922652
236,236,236,000b1491b982532590f833ab4e53dded,c30f73c3d4d5c30512cfd7160a9db583,1475295720,108.9788,34.26961,POINT (108.9788 34.26961),313924.09095850034,3793899.0038374574,1.3019366487207789,263754.0,POINT ( 313924.20876322343 3793900.300433418),34.269621675453436,108.97880000950228
237,237,237,000b1491b982532590f833ab4e53dded,c30f73c3d4d5c30512cfd7160a9db583,1475295723,108.97902,34.26959,POINT (108.97902 34.26959),313944.3036426784,3793896.3831474483,2.0829473200208164,263754.0,POINT ( 313944.4921165435 3793898.4575502877),34.26960869841308,108.9790206092769
238,238,238,000b1491b982532590f833ab4e53dded,c30f73c3d4d5c30512cfd7160a9db583,1475295726,108.97942,34.26959,POINT (108.97942 34.26959),313981.1341198949,3793895.651399558,9.515340782680907e-07,263754.0,POINT ( 313981.1341199138 3793895.6514005093),34.269589968312154,108.97941901121293
239,239,239,000b1491b982532590f833ab4e53dded,c30f73c3d4d5c30512cfd7160a9db583,1475295729,108.97968,34.26956,POINT (108.97968 34.26956),314005.0078375897,3793891.848591605,1.1505024974313698,263754.0,POINT ( 314005.1478702929 3793892.9905403075),34.269570285656656,108.97968028557703
240,240,240,000b1491b982532590f833ab4e53dded,c30f73c3d4d5c30512cfd7160a9db583,1475295732,108.97991,34.26955,POINT (108.97991 34.26955),314026.1633390473,3793890.3188734823,0.0939185840290175,263754.0,POINT ( 314026.1747702899 3793890.4120937972),34.26955081056142,108.97990911593148
241,241,241,000b1491b982532590f833ab4e53dded,c30f73c3d4d5c30512cfd7160a9db583,1475295735,108.98026000000002,34.26952,POINT (108.98026 34.26952),314058.32394393533,3793886.351619718,1.084666665432067,263754.0,POINT ( 314058.42282328743 3793887.431770008),34.26952972133545,108.98025985304676
242,242,242,000b1491b982532590f833ab4e53dded,c30f73c3d4d5c30512cfd7160a9db583,1475295738,108.98055,34.2695,POINT (108.98055 34.2695),314084.98201350466,3793883.603248571,1.3914164296090614,263754.0,POINT ( 314085.1088564873 3793884.988871369),34.26951247954889,108.98055009124182
243,243,243,000b1491b982532590f833ab4e53dded,c30f73c3d4d5c30512cfd7160a9db583,1475295741,108.9808,34.26948,POINT (108.9808 34.26948),314107.9570428189,3793880.9280706192,1.9610275800621195,263754.0,POINT ( 314108.1358121521 3793882.8809327995),34.26949760132784,108.98080053311949
244,244,244,000b1491b982532590f833ab4e53dded,c30f73c3d4d5c30512cfd7160a9db583,1475295744,108.98111000000002,34.26948,POINT (108.98111 34.26948),314136.50068866217,3793880.361454397,1.0620261686588606,263754.0,POINT ( 314136.53536394 3793881.4229143388),34.26948954143779,108.98110916139883
245,245,245,000b1491b982532590f833ab4e53dded,c30f73c3d4d5c30512cfd7160a9db583,1475295747,108.98137,34.26948,POINT (108.98137 34.26948),314160.4405191113,3793879.8862950564,0.7552939276191054,263754.0,POINT ( 314160.4651795458 3793880.6411862937),34.26948677658492,108.98136911913932
246,246,246,000b1491b982532590f833ab4e53dded,c30f73c3d4d5c30512cfd7160a9db583,1475295750,108.9815,34.26948,POINT (108.9815 34.26948),314172.4104338081,3793879.6487383633,0.6019048596488512,263754.0,POINT ( 314172.4300860717 3793880.250322313),34.26948539395146,108.98149909799996
247,247,247,000b1491b982532590f833ab4e53dded,c30f73c3d4d5c30512cfd7160a9db583,1475295753,108.9815,34.26948,POINT (108.9815 34.26948),314172.4104338081,3793879.6487383633,0.6019048596488512,263754.0,POINT ( 314172.4300860717 3793880.250322313),34.26948539395146,108.98149909799996
248,248,248,000b1491b982532590f833ab4e53dded,c30f73c3d4d5c30512cfd7160a9db583,1475295756,108.9815,34.26948,POINT (108.9815 34.26948),314172.4104338081,3793879.6487383633,0.6019048596488512,263754.0,POINT ( 314172.4300860717 3793880.250322313),34.26948539395146,108.98149909799996
249,249,249,000b1491b982532590f833ab4e53dded,c30f73c3d4d5c30512cfd7160a9db583,1475295759,108.9815,34.26948,POINT (108.9815 34.26948),314172.4104338081,3793879.6487383633,0.6019048596488512,263754.0,POINT ( 314172.4300860717 3793880.250322313),34.26948539395146,108.98149909799996
250,250,250,000b1491b982532590f833ab4e53dded,c30f73c3d4d5c30512cfd7160a9db583,1475295762,108.9815,34.26948,POINT (108.9815 34.26948),314172.4104338081,3793879.6487383633,0.6019048596488512,263754.0,POINT ( 314172.4300860717 3793880.250322313),34.26948539395146,108.98149909799996
251,251,251,000b1491b982532590f833ab4e53dded,c30f73c3d4d5c30512cfd7160a9db583,1475295765,108.9815,34.26948,POINT (108.9815 34.26948),314172.4104338081,3793879.6487383633,0.6019048596488512,263754.0,POINT ( 314172.4300860717 3793880.250322313),34.26948539395146,108.98149909799996
252,252,252,000b1491b982532590f833ab4e53dded,c30f73c3d4d5c30512cfd7160a9db583,1475295768,108.9815,34.26948,POINT (108.9815 34.26948),314172.4104338081,3793879.6487383633,0.6019048596488512,263754.0,POINT ( 314172.4300860717 3793880.250322313),34.26948539395146,108.98149909799996
253,253,253,000b1491b982532590f833ab4e53dded,c30f73c3d4d5c30512cfd7160a9db583,1475295771,108.9815,34.26948,POINT (108.9815 34.26948),314172.4104338081,3793879.6487383633,0.6019048596488512,263754.0,POINT ( 314172.4300860717 3793880.250322313),34.26948539395146,108.98149909799996
254,254,254,000b1491b982532590f833ab4e53dded,c30f73c3d4d5c30512cfd7160a9db583,1475295774,108.9815,34.26948,POINT (108.9815 34.26948),314172.4104338081,3793879.6487383633,0.6019048596488512,263754.0,POINT ( 314172.4300860717 3793880.250322313),34.26948539395146,108.98149909799996
255,255,255,000b1491b982532590f833ab4e53dded,c30f73c3d4d5c30512cfd7160a9db583,1475295777,108.9815,34.26948,POINT (108.9815 34.26948),314172.4104338081,3793879.6487383633,0.6019048596488512,263754.0,POINT ( 314172.4300860717 3793880.250322313),34.26948539395146,108.98149909799996
256,256,256,000b1491b982532590f833ab4e53dded,c30f73c3d4d5c30512cfd7160a9db583,1475295780,108.9815,34.26948,POINT (108.9815 34.26948),314172.4104338081,3793879.6487383633,0.6019048596488512,263754.0,POINT ( 314172.4300860717 3793880.250322313),34.26948539395146,108.98149909799996
257,257,257,000b1491b982532590f833ab4e53dded,c30f73c3d4d5c30512cfd7160a9db583,1475295783,108.9815,34.26948,POINT (108.9815 34.26948),314172.4104338081,3793879.6487383633,0.6019048596488512,263754.0,POINT ( 314172.4300860717 3793880.250322313),34.26948539395146,108.98149909799996
258,258,258,000b1491b982532590f833ab4e53dded,c30f73c3d4d5c30512cfd7160a9db583,1475295786,108.9815,34.26948,POINT (108.9815 34.26948),314172.4104338081,3793879.6487383633,0.6019048596488512,263754.0,POINT ( 314172.4300860717 3793880.250322313),34.26948539395146,108.98149909799996
259,259,259,000b1491b982532590f833ab4e53dded,c30f73c3d4d5c30512cfd7160a9db583,1475295789,108.98162,34.26948,POINT (108.98162 34.26948),314183.4595855215,3793879.42946886,0.4603013700604578,263754.0,POINT ( 314183.47461441474 3793879.889524817),34.26948411755193,108.98161907848099
260,260,260,000b1491b982532590f833ab4e53dded,c30f73c3d4d5c30512cfd7160a9db583,1475295792,108.98162,34.26948,POINT (108.98162 34.26948),314183.4595855215,3793879.42946886,0.4603013700604578,263754.0,POINT ( 314183.47461441474 3793879.889524817),34.26948411755193,108.98161907848099
261,261,261,000b1491b982532590f833ab4e53dded,c30f73c3d4d5c30512cfd7160a9db583,1475295795,108.98172,34.26948,POINT (108.98172 34.26948),314192.6672117205,3793879.246754245,0.3422885038700629,263754.0,POINT ( 314192.6783874799 3793879.588860255),34.26948305379583,108.981719062211
262,262,262,000b1491b982532590f833ab4e53dded,c30f73c3d4d5c30512cfd7160a9db583,1475295798,108.98172,34.26948,POINT (108.98172 34.26948),314192.6672117205,3793879.246754245,0.3422885038700629,263754.0,POINT ( 314192.6783874799 3793879.588860255),34.26948305379583,108.981719062211
263,263,263,000b1491b982532590f833ab4e53dded,c30f73c3d4d5c30512cfd7160a9db583,1475295801,108.98172,34.26948,POINT (108.98172 34.26948),314192.6672117205,3793879.246754245,0.3422885038700629,263754.0,POINT ( 314192.6783874799 3793879.588860255),34.26948305379583,108.981719062211
264,264,264,000b1491b982532590f833ab4e53dded,c30f73c3d4d5c30512cfd7160a9db583,1475295804,108.98187,34.26948,POINT (108.98187 34.26948),314206.4786506284,3793878.9726993167,0.16525223196200195,263754.0,POINT ( 314206.484046133 3793879.1378634432),34.26948145800855,108.98186903779893
265,265,265,000b1491b982532590f833ab4e53dded,c30f73c3d4d5c30512cfd7160a9db583,1475295807,108.98202,34.26948,POINT (108.98202 34.26948),314220.2900890658,3793878.698664785,9.03563090624121e-08,263754.0,POINT ( 314220.2900890676 3793878.6986648752),34.269479968442646,108.98201901502125
266,266,266,000b1491b982532590f833ab4e53dded,c30f73c3d4d5c30512cfd7160a9db583,1475295810,108.9822,34.26948,POINT (108.9822 34.26948),314236.86381457245,3793878.3698502667,4.3487351099363786e-06,263754.0,POINT ( 314236.8638146587 3793878.3698546146),34.26947996849059,108.9821990152849
267,267,267,000b1491b982532590f833ab4e53dded,c30f73c3d4d5c30512cfd7160a9db583,1475295813,108.98236,34.26948,POINT (108.98236 34.26948),314251.5960144553,3793878.0775953517,0.12060295366874038,263754.0,POINT ( 314251.59682718967 3793878.198195567),34.26948105556469,108.98235899837047
268,268,268,000b1491b982532590f833ab4e53dded,c30f73c3d4d5c30512cfd7160a9db583,1475295816,108.9825,34.26948,POINT (108.9825 34.26948),314264.48668891226,3793877.8218913362,0.28943186319808734,263754.0,POINT ( 314264.48863937217 3793878.1113166274),34.26948257738184,108.98249897457366
269,269,269,000b1491b982532590f833ab4e53dded,c30f73c3d4d5c30512cfd7160a9db583,1475295819,108.9825,34.26948,POINT (108.9825 34.26948),314264.48668891226,3793877.8218913362,0.28943186319808734,263754.0,POINT ( 314264.48863937217 3793878.1113166274),34.26948257738184,108.98249897457366
270,270,270,000b1491b982532590f833ab4e53dded,c30f73c3d4d5c30512cfd7160a9db583,1475295821,108.9825,34.26948,POINT (108.9825 34.26948),314264.48668891226,3793877.8218913362,0.28943186319808734,263754.0,POINT ( 314264.48863937217 3793878.1113166274),34.26948257738184,108.98249897457366
271,271,271,000b1491b982532590f833ab4e53dded,c30f73c3d4d5c30512cfd7160a9db583,1475295822,108.9825,34.26948,POINT (108.9825 34.26948),314264.48668891226,3793877.8218913362,0.28943186319808734,263754.0,POINT ( 314264.48863937217 3793878.1113166274),34.26948257738184,108.98249897457366
272,272,272,000b1491b982532590f833ab4e53dded,c30f73c3d4d5c30512cfd7160a9db583,1475295825,108.9825,34.26948,POINT (108.9825 34.26948),314264.48668891226,3793877.8218913362,0.28943186319808734,263754.0,POINT ( 314264.48863937217 3793878.1113166274),34.26948257738184,108.98249897457366
273,273,273,000b1491b982532590f833ab4e53dded,c30f73c3d4d5c30512cfd7160a9db583,1475295826,108.9825,34.26948,POINT (108.9825 34.26948),314264.48668891226,3793877.8218913362,0.28943186319808734,263754.0,POINT ( 314264.48863937217 3793878.1113166274),34.26948257738184,108.98249897457366
